observation_date,IMPMX
1985-01-01,1303.300000
1985-02-01,1501.600000
1985-03-01,1698.200000
1985-04-01,1937.000000
1985-05-01,1327.500000
1985-06-01,1719.600000
1985-07-01,1708.000000
1985-08-01,1461.000000
1985-09-01,1479.400000
1985-10-01,1562.700000
1985-11-01,1647.100000
1985-12-01,1786.300000
1986-01-01,1501.100000
1986-02-01,1474.400000
1986-03-01,1487.700000
1986-04-01,1376.900000
1986-05-01,1707.200000
1986-06-01,1237.900000
1986-07-01,1667.000000
1986-08-01,1249.700000
1986-09-01,1381.300000
1986-10-01,1311.300000
1986-11-01,1525.100000
1986-12-01,1382.100000
1987-01-01,1155.900000
1987-02-01,1827.300000
1987-03-01,1712.900000
1987-04-01,1601.600000
1987-05-01,1764.100000
1987-06-01,1838.300000
1987-07-01,1653.300000
1987-08-01,1630.900000
1987-09-01,1724.400000
1987-10-01,1871.400000
1987-11-01,1783.300000
1987-12-01,1707.400000
1988-01-01,1742.300000
1988-02-01,1961.400000
1988-03-01,2021.200000
1988-04-01,1795.900000
1988-05-01,1953.300000
1988-06-01,2117.500000
1988-07-01,1688.500000
1988-08-01,2013.800000
1988-09-01,1943.800000
1988-10-01,1998.300000
1988-11-01,2056.700000
1988-12-01,1967.100000
1989-01-01,2017.100000
1989-02-01,2094.300000
1989-03-01,2289.600000
1989-04-01,2361.300000
1989-05-01,2529.900000
1989-06-01,2244.200000
1989-07-01,2173.100000
1989-08-01,2360.600000
1989-09-01,2210.800000
1989-10-01,2463.600000
1989-11-01,2359.400000
1989-12-01,2058.200000
1990-01-01,2380.300000
1990-02-01,2373.200000
1990-03-01,2636.400000
1990-04-01,2180.300000
1990-05-01,2497.400000
1990-06-01,2488.600000
1990-07-01,2309.900000
1990-08-01,2570.700000
1990-09-01,2625.300000
1990-10-01,3067.700000
1990-11-01,2789.000000
1990-12-01,2238.000000
1991-01-01,2476.200000
1991-02-01,2194.200000
1991-03-01,2409.200000
1991-04-01,2678.900000
1991-05-01,2642.000000
1991-06-01,2573.200000
1991-07-01,2479.800000
1991-08-01,2642.500000
1991-09-01,2695.500000
1991-10-01,3150.900000
1991-11-01,2778.000000
1991-12-01,2409.200000
1992-01-01,2493.600000
1992-02-01,2612.400000
1992-03-01,2944.400000
1992-04-01,2940.800000
1992-05-01,2962.600000
1992-06-01,3147.400000
1992-07-01,2860.800000
1992-08-01,2996.000000
1992-09-01,3007.700000
1992-10-01,3398.400000
1992-11-01,3014.900000
1992-12-01,2832.100000
1993-01-01,2796.100000
1993-02-01,2991.500000
1993-03-01,3455.000000
1993-04-01,3354.900000
1993-05-01,3263.600000
1993-06-01,3527.200000
1993-07-01,3083.800000
1993-08-01,3157.600000
1993-09-01,3472.700000
1993-10-01,3748.200000
1993-11-01,3774.800000
1993-12-01,3292.100000
1994-01-01,3496.200000
1994-02-01,3613.500000
1994-03-01,4207.000000
1994-04-01,3828.000000
1994-05-01,4032.700000
1994-06-01,4193.600000
1994-07-01,3614.300000
1994-08-01,4355.400000
1994-09-01,4376.500000
1994-10-01,4581.300000
1994-11-01,4929.900000
1994-12-01,4265.300000
1995-01-01,4722.100000
1995-02-01,4787.100000
1995-03-01,5480.800000
1995-04-01,4727.800000
1995-05-01,5305.000000
1995-06-01,5262.900000
1995-07-01,4773.400000
1995-08-01,5353.200000
1995-09-01,5388.600000
1995-10-01,5717.100000
1995-11-01,5677.600000
1995-12-01,4904.800000
1996-01-01,5607.100000
1996-02-01,5582.300000
1996-03-01,5700.900000
1996-04-01,5993.600000
1996-05-01,6419.500000
1996-06-01,6166.100000
1996-07-01,6040.500000
1996-08-01,6471.800000
1996-09-01,6497.200000
1996-10-01,7116.000000
1996-11-01,6603.200000
1996-12-01,6099.000000
1997-01-01,6187.200000
1997-02-01,6533.600000
1997-03-01,6957.500000
1997-04-01,7096.900000
1997-05-01,7111.900000
1997-06-01,7108.300000
1997-07-01,7022.900000
1997-08-01,7279.300000
1997-09-01,7706.700000
1997-10-01,8458.400000
1997-11-01,7518.400000
1997-12-01,6956.500000
1998-01-01,7005.600000
1998-02-01,6959.700000
1998-03-01,8325.600000
1998-04-01,7812.700000
1998-05-01,7942.600000
1998-06-01,7982.800000
1998-07-01,7345.800000
1998-08-01,7960.900000
1998-09-01,8335.100000
1998-10-01,8979.500000
1998-11-01,8200.200000
1998-12-01,7778.500000
1999-01-01,7442.800000
1999-02-01,7930.200000
1999-03-01,9304.200000
1999-04-01,8430.800000
1999-05-01,8940.100000
1999-06-01,9550.000000
1999-07-01,9161.100000
1999-08-01,9671.900000
1999-09-01,9843.500000
1999-10-01,10018.800000
1999-11-01,10001.400000
1999-12-01,9425.700000
2000-01-01,9583.100000
2000-02-01,10365.400000
2000-03-01,11652.500000
2000-04-01,10554.900000
2000-05-01,11366.700000
2000-06-01,11944.200000
2000-07-01,10946.500000
2000-08-01,12305.900000
2000-09-01,12344.000000
2000-10-01,12814.000000
2000-11-01,11939.700000
2000-12-01,10109.400000
2001-01-01,10706.000000
2001-02-01,10297.000000
2001-03-01,12045.200000
2001-04-01,10480.800000
2001-05-01,11430.800000
2001-06-01,11437.500000
2001-07-01,10578.200000
2001-08-01,11564.700000
2001-09-01,10687.400000
2001-10-01,11908.500000
2001-11-01,10873.100000
2001-12-01,9328.700000
2002-01-01,9981.900000
2002-02-01,10022.500000
2002-03-01,11054.800000
2002-04-01,11471.300000
2002-05-01,11928.500000
2002-06-01,11311.300000
2002-07-01,11292.700000
2002-08-01,11854.000000
2002-09-01,11409.200000
2002-10-01,12657.900000
2002-11-01,11483.800000
2002-12-01,10148.100000
2003-01-01,10830.471871
2003-02-01,10957.746350
2003-03-01,11782.873584
2003-04-01,11154.767350
2003-05-01,11494.695166
2003-06-01,11419.770253
2003-07-01,11124.660266
2003-08-01,11402.971213
2003-09-01,11816.925777
2003-10-01,12965.721721
2003-11-01,11692.454078
2003-12-01,11416.933039
2004-01-01,11200.697382
2004-02-01,11709.184025
2004-03-01,13593.840264
2004-04-01,12575.919962
2004-05-01,13049.682550
2004-06-01,13849.957397
2004-07-01,12213.055187
2004-08-01,13278.740489
2004-09-01,13520.859201
2004-10-01,14475.085708
2004-11-01,13908.861718
2004-12-01,12525.636996
2005-01-01,12073.877538
2005-02-01,12607.086223
2005-03-01,14114.386986
2005-04-01,14281.680962
2005-05-01,14413.456593
2005-06-01,14848.634031
2005-07-01,12710.198843
2005-08-01,14895.582203
2005-09-01,14517.596941
2005-10-01,15720.302085
2005-11-01,15499.125225
2005-12-01,14426.686454
2006-01-01,15227.898733
2006-02-01,14820.116001
2006-03-01,17363.410599
2006-04-01,15665.302854
2006-05-01,17154.567504
2006-06-01,17787.312952
2006-07-01,15464.493723
2006-08-01,18038.733072
2006-09-01,16897.474172
2006-10-01,17515.223528
2006-11-01,17246.552982
2006-12-01,15072.072916
2007-01-01,15373.414782
2007-02-01,15142.800964
2007-03-01,18190.608555
2007-04-01,16254.884744
2007-05-01,18018.864706
2007-06-01,17977.446850
2007-07-01,16896.927079
2007-08-01,19115.288345
2007-09-01,17810.061280
2007-10-01,19855.795397
2007-11-01,19356.110665
2007-12-01,16721.763421
2008-01-01,17054.489904
2008-02-01,17674.548616
2008-03-01,17707.143614
2008-04-01,19364.867919
2008-05-01,18837.190480
2008-06-01,19179.862394
2008-07-01,19238.036767
2008-08-01,19522.811944
2008-09-01,17926.202129
2008-10-01,19695.697705
2008-11-01,15471.647011
2008-12-01,14269.120451
2009-01-01,12464.880319
2009-02-01,12379.800932
2009-03-01,13929.609237
2009-04-01,13715.716078
2009-05-01,13317.530768
2009-06-01,14011.452216
2009-07-01,14081.690768
2009-08-01,15060.457572
2009-09-01,16130.041851
2009-10-01,17289.890373
2009-11-01,17185.834189
2009-12-01,17087.468278
2010-01-01,16089.401311
2010-02-01,16459.303500
2010-03-01,20089.473382
2010-04-01,18594.241149
2010-05-01,19419.170358
2010-06-01,20049.051276
2010-07-01,18213.816319
2010-08-01,20252.186868
2010-09-01,19907.979417
2010-10-01,21024.033325
2010-11-01,20530.272158
2010-12-01,19356.693943
2011-01-01,19606.415988
2011-02-01,19053.573913
2011-03-01,23269.530509
2011-04-01,21359.695548
2011-05-01,22970.201508
2011-06-01,22714.761359
2011-07-01,21091.268234
2011-08-01,23152.520693
2011-09-01,22303.510283
2011-10-01,22853.676430
2011-11-01,23146.761421
2011-12-01,21351.680072
2012-01-01,21503.850119
2012-02-01,22617.235501
2012-03-01,25114.970644
2012-04-01,22757.374163
2012-05-01,24815.000650
2012-06-01,23513.912415
2012-07-01,22526.284391
2012-08-01,23763.800403
2012-09-01,22151.094060
2012-10-01,24817.644447
2012-11-01,23731.326201
2012-12-01,20281.146552
2013-01-01,21555.691063
2013-02-01,22070.216153
2013-03-01,23152.280405
2013-04-01,24364.137517
2013-05-01,24484.250823
2013-06-01,22927.614985
2013-07-01,23545.906453
2013-08-01,23988.341411
2013-09-01,23303.262723
2013-10-01,25314.928284
2013-11-01,23723.348880
2013-12-01,22126.061545
2014-01-01,22021.433933
2014-02-01,22445.225298
2014-03-01,24943.714671
2014-04-01,24577.857296
2014-05-01,25444.440013
2014-06-01,25134.483507
2014-07-01,25309.020948
2014-08-01,24848.981752
2014-09-01,25033.418800
2014-10-01,27565.602131
2014-11-01,24382.019757
2014-12-01,24023.764740
2015-01-01,22261.086110
2015-02-01,22706.549902
2015-03-01,25651.682135
2015-04-01,24704.745498
2015-05-01,24482.502226
2015-06-01,26919.217962
2015-07-01,24804.806979
2015-08-01,24693.766390
2015-09-01,25331.316173
2015-10-01,27672.193708
2015-11-01,24049.508619
2015-12-01,23155.949322
2016-01-01,22337.723342
2016-02-01,23121.746528
2016-03-01,24692.111632
2016-04-01,24985.773651
2016-05-01,24761.062479
2016-06-01,24809.622976
2016-07-01,22944.587756
2016-08-01,25544.937654
2016-09-01,25122.161150
2016-10-01,26358.862675
2016-11-01,25358.076600
2016-12-01,23463.940217
2017-01-01,23458.559937
2017-02-01,23806.874965
2017-03-01,27920.627811
2017-04-01,25017.467801
2017-05-01,27032.582237
2017-06-01,27153.754084
2017-07-01,24514.745410
2017-08-01,26924.369870
2017-09-01,25731.991377
2017-10-01,28572.107216
2017-11-01,27481.066952
2017-12-01,25052.592836
2018-01-01,25788.215741
2018-02-01,25777.142669
2018-03-01,29754.137946
2018-04-01,27895.040348
2018-05-01,29209.179529
2018-06-01,29349.892896
2018-07-01,27999.488310
2018-08-01,30885.907159
2018-09-01,28984.790343
2018-10-01,31636.756798
2018-11-01,29464.671352
2018-12-01,26935.317419
2019-01-01,27557.995759
2019-02-01,27485.222761
2019-03-01,31111.754186
2019-04-01,30229.048253
2019-05-01,31907.669816
2019-06-01,30193.358032
2019-07-01,29953.511976
2019-08-01,30887.235941
2019-09-01,29273.757502
2019-10-01,30932.978041
2019-11-01,29060.754817
2019-12-01,27500.296961
2020-01-01,28202.281911
2020-02-01,28903.203952
2020-03-01,29882.071459
2020-04-01,15771.982737
2020-05-01,14857.386976
2020-06-01,25672.078884
2020-07-01,28878.189550
2020-08-01,29555.632641
2020-09-01,29788.032020
2020-10-01,32785.496819
2020-11-01,29819.707574
2020-12-01,29360.853468
2021-01-01,28976.451284
2021-02-01,27201.783374
2021-03-01,33313.889483
2021-04-01,31991.844406
2021-05-01,31108.854912
2021-06-01,32776.616579
2021-07-01,31818.084797
2021-08-01,31957.126193
2021-09-01,31829.475316
2021-10-01,34138.925977
2021-11-01,34470.179273
2021-12-01,32986.107656
2022-01-01,33154.724468
2022-02-01,32506.486686
2022-03-01,40012.883474
2022-04-01,38516.008970
2022-05-01,39444.462145
2022-06-01,39121.482902
2022-07-01,37685.528471
2022-08-01,39778.769988
2022-09-01,39196.478729
2022-10-01,40143.500967
2022-11-01,36638.794268
2022-12-01,35815.845443
2023-01-01,36720.500433
2023-02-01,35501.939432
2023-03-01,42653.426070
2023-04-01,37873.824960
2023-05-01,41054.516006
2023-06-01,40848.714610
2023-07-01,38716.022533
2023-08-01,41474.703209
2023-09-01,39284.191017
2023-10-01,42735.072144
2023-11-01,39613.196786
2023-12-01,36422.556960
2024-01-01,37826.106079
2024-02-01,39992.217929
2024-03-01,41373.388641
2024-04-01,42856.973887
2024-05-01,43671.016201
2024-06-01,41952.424903
2024-07-01,41713.670045
2024-08-01,43442.240473
2024-09-01,44000.586862
2024-10-01,45214.631883
2024-11-01,42084.979699
2024-12-01,38981.876122
2025-01-01,41597.114578
2025-02-01,41565.516994
2025-03-01,48018.160511
2025-04-01,41845.110321
2025-05-01,46113.080232
2025-06-01,44831.878204
2025-07-01,45316.830950
2025-08-01,45189.659508
2025-09-01,44582.752607
2025-10-01,48491.314820
2025-11-01,44391.612047
2025-12-01,42371.878613
2026-01-01,42517.650656
2026-02-01,44310.729841
2026-03-01,51202.802514
2026-04-01,50691.989593
2026-05-01,54179.631779
2026-06-01,55254.581232
2026-07-01,60549.615043
